CUSTID,NAME,DOB,GENDER,REGION,TRAVDATE,HOLCODE,COUNTRY,POOL,ACCOM,DISTANCE_TO_BEACH,SPENT_TRAVEL,SPENT_HOTEL,SPENT_LEISURE,SATISFIED
GS101005,B. Emw,1925-05-19,Male,East Anglia,1998-08-12,CAF3110,Uk,No,SC,5,630,616,189,YES
GS101296,Cynthia Sitt,1973-06-17,Female,East Anglia,1998-09-04,CAF3110,Uk,Yes,SC,15,,725,,NO
GS101132,Sam Fletcher,1967-03-24,Male,Northern Ireland,1998-08-03,CAF3110,Uk,No,FB,10,1176,663,351,YES
GS101132,Sam Fletcher,1967-03-24,Male,Northern Ireland,1999-07-02,CAF3110,Uk,No,FB,10,434,320,186,YES
GS101132,Sam Fletcher,1967-03-24,Male,Northern Ireland,2000-09-11,CAF3110,Spain,Yes,FB,4,1806,509,620,YES
GS101310,Sid Sittle,1951-01-27,Male,North East,1998-07-02,CAF3110,Uk,No,FB,10,434,401,186,YES
GS101310,Sid Sittle,1951-01-27,Male,North East,2000-07-27,CAF3108,Spain,No,HB,5,490,,174,NO
GS101043,Blodwin Sheepdip,1941-03-11,Female,South West,1998-08-27,CAF3110,France,No,FB,2,595,535,204,YES
GS101266,Jean Jacket,1954-03-23,Female,Midlands,1998-07-20,CAF3110,France,No,FB,2,364,1006,168,YES
GS101315,B. Manley-Walker,1961-10-14,Male,London & South East,1998-07-04,CAF3110,France,No,FB,2,406,599,138,YES
GS101068,Barbara Eller,1969-09-09,Female,Northern Ireland,1998-08-03,CAF3110,Spain,Yes,FB,1,560,257,,NO
GS101371,Content,1931-05-12,Male,East Anglia,1998-07-26,CAF3110,Spain,Yes,FB,1,994,218,403,YES
GS101083,Ethel Oldideas,1944-10-03,Female,North West,1998-07-22,CAF3110,Spain,Yes,FB,4,156,632,41,NO
GS101188,B. Gardiner,1949-07-05,Male,North East,1998-09-11,CAF3110,Spain,Yes,FB,4,1806,527,620,YES
GS101232,R. Beef,1977-07-18,Male,East Anglia,1998-09-29,CAF3110,Spain,Yes,FB,4,798,410,312,YES
GS101001,Roberta Godfrey,1966-02-02,Female,Northern Ireland,1998-06-06,DOF3108,Spain,No,HB,5,1554,381,480,YES
GS101003,B. Empire,1961-04-29,Female,North West,1998-07-04,DOF3108,Spain,No,HB,5,800,954,234,NO
GS101004,W. Gummage,1958-09-28,Male,Scotland,1999-09-21,DOF3108,Spain,No,HB,5,980,510,234,NO
GS101008,Wendy Pence,1956-01-03,Female,North East,1998-07-28,DOF3108,Spain,No,HB,5,2142,829,380,NO
GS101041,S. Dullas-Ditchwater,1962-04-12,Male,North East,1998-09-29,DOF3108,Spain,No,HB,5,546,629,156,NO
GS101086,Mary Liquid,1961-03-17,Female,Scotland,1998-08-03,DOF3108,Spain,No,HB,5,539,791,168,NO
GS101089,Ian Bru,1953-11-10,Female,East Anglia,1998-09-15,DOF3108,Spain,No,HB,5,800,492,225,YES
GS101124,Tracey Walker,1965-05-11,Female,Wales,1998-09-08,DOF3108,Spain,No,HB,5,720,536,207,YES
GS101138,S. Pudd,1943-01-17,Female,South West,1998-07-04,DOF3108,Spain,No,HB,5,588,544,168,YES
GS101138,S. Pudd,1943-01-17,Female,South West,1999-07-23,CAF3108,Spain,No,HB,5,1722,917,620,YES
GS101138,S. Pudd,1943-01-17,Female,South West,2000-08-10,CAF3112,germany,Yes,SC,2,830,662,189,YES
CZ101180,M. Highhorse,1960-02-19,Male,Midlands,1998-07-27,DOF3108,Spain,No,HB,5,854,353,351,YES
GS101198,Mary Liquid,1977-01-05,Female,London & South East,1998-07-27,CAF3108,Spain,No,HB,5,490,723,174,YES
GS101209,Y. Upward,1947-05-16,Male,East Anglia,1998-07-11,CAF3108,Spain,No,HB,5,840,785,207,NO
GS101243,Kathy Beale,1923-04-27,Female,North East,1998-07-26,CAF3108,Spain,No,HB,5,1407,1309,300,NO
GS101248,Alex Wunderman,1967-10-11,Male,South West,1998-08-08,CAF3108,Spain,No,HB,5,994,913,351,YES
GS101249,Jackie Potato,1971-09-08,Female,South West,1998-07-23,CAF3108,Spain,No,HB,5,1722,611,620,YES
GS101263,Marysia Oldyup,1977-03-20,Male,East Anglia,1998-09-10,CAF3108,Spain,No,HB,5,670,655,171,NO
GS101321,Spoons,1931-05-15,Male,London & South East,1998-07-05,CAF3108,Spain,No,HB,5,518,603,186,YES
GS101336,Gordon Wrinkly,1964-08-20,Male,Midlands,1998-09-07,CAF3108,Spain,No,HB,5,860,772,216,NO
GS101349,Susan Cinema,1977-09-07,Female,South West,1999-07-25,CAF3108,Spain,No,HB,5,742,903,338,YES
GS101365,B. Manley-Walker,1953-05-01,Male,North West,1999-07-01,CAF3108,Spain,No,HB,5,650,649,,NO
GS101026,Blodwin Sheepdip,1935-03-05,Female,Scotland,1999-08-02,CAF3109,Spain,No,HB,10,504,444,156,YES
GS101042,W. Gummage,1949-06-15,Male,South West,1999-09-24,CAF3109,Spain,No,HB,10,720,637,153,NO
GS101057,O.K. Yarh,1941-03-16,Female,North West,1998-07-12,CAF3109,Spain,No,HB,10,1106,674,364,YES
GS101066,Jackie Potato,1949-02-04,Female,Midlands,1998-07-07,CAF3109,Spain,No,HB,10,539,370,186,YES
GS101167,B. Emw,1971-10-13,Female,South West,1998-08-01,CAF3109,Spain,No,HB,10,1722,613,420,YES
GS101173,U. Mobile,1969-10-26,Male,London & South East,1998-08-27,CAF3109,Spain,No,HB,10,623,430,120,NO
GS101221,Ethel Oldideas,1952-12-02,Male,North East,1998-06-11,CAF3109,Spain,No,HB,10,,582,,NO
GS101231,U. Mobile,1934-10-21,Male,Scotland,1998-07-24,CAF3109,Spain,No,HB,10,750,808,207,NO
GS101260,Vera Culture,1956-08-22,Male,Scotland,1998-07-04,CAF3109,Spain,No,HB,10,780,562,252,YES
GS101262,F. Oureyes,1929-01-21,Female,East Anglia,1998-08-27,CAF3109,Spain,No,HB,10,640,354,180,YES
GS101278,B. Hoskins,1957-08-13,Female,North East,1998-07-25,CAF3109,Spain,No,HB,10,1764,836,340,NO
GS101292,Mandy Stevens,1969-06-27,Female,East Anglia,1998-08-29,CAF3109,Uk,No,HB,10,1764,854,420,YES
GS101292,Mandy Stevens,1969-06-27,Female,East Anglia,1999-09-13,CAF3111,Spain,Yes,FB,4,740,700,207,NO
GS101292,Mandy Stevens,1969-06-27,Female,East Anglia,2000-07-12,DOF3111,France,Yes,FB,4,469,630,132,YES
GS101353,Darren Sloth,1970-09-08,Female,London & South East,1998-07-12,CAF3109,Spain,No,HB,10,854,249,312,YES
GS101021,B. Ilder,1950-08-25,Male,North West,1998-09-29,CAF3110,Spain,No,HB,3,476,486,168,YES
GS101077,Fran Buie,1976-11-08,Male,South West,1999-09-08,CAF3110,Spain,No,HB,3,1722,727,400,NO
GS101079,Vera Culture,1974-08-28,Male,North West,1998-08-27,CAF3110,Spain,No,HB,3,588,1105,138,NO
GS101084,Jill Banker,1959-09-29,Female,Scotland,1998-06-16,CAF3110,Spain,No,HB,3,860,315,171,NO
GS101088,F. Chip,1975-09-17,Male,East Anglia,1998-08-19,CAF3110,Spain,No,HB,3,560,808,114,NO
GS101152,Percy Graham,1962-02-13,Male,East Anglia,1998-08-10,CAF3110,Spain,No,HB,3,553,540,138,NO
GS101166,Julian Bond,1972-05-23,Female,South West,1999-08-27,CAF3110,Spain,No,HB,3,590,535,279,YES
GS101218,T. Brown,1955-11-16,Male,North East,1999-09-26,CAF3110,Spain,No,HB,3,760,611,225,YES
GS101236,S. Dullas-Ditchwater,1930-12-17,Male,Wales,1999-07-13,CAF3110,Spain,No,HB,3,1120,319,312,YES
GS101351,Ken Pence,1964-10-04,Female,South West,1999-07-28,CAF3110,Spain,No,HB,3,264,764,50,NO
GS101376,Vera Culture,1947-04-13,Female,Midlands,1999-07-03,CAF3110,Spain,No,HB,3,427,482,198,YES
GS101031,B. Hoskins,1965-01-04,Female,Midlands,1999-09-22,CAF3111,Spain,Yes,FB,4,1680,1295,420,NO
GS101040,R. Beef,1915-03-29,Female,North East,1999-08-16,CAF3111,Spain,Yes,FB,4,840,366,243,YES
GS101048,Kathy Beale,1934-09-08,Female,South West,1999-09-16,CAF3111,Spain,Yes,FB,4,1148,401,364,YES
GS101049,C. Potatoe,1969-03-08,Male,South West,1998-09-09,CAF3111,Spain,Yes,FB,4,1281,961,620,YES
GS101081,Cheryl Smith,1973-06-21,Male,North West,1998-08-08,CAF3111,Spain,Yes,FB,4,616,414,162,YES
GS101094,David Hooper,1963-03-17,Male,Midlands,1998-09-13,CAF3111,Spain,Yes,FB,4,740,349,207,YES
GS101095,G. Ranny,1975-11-25,Male,Midlands,1999-08-28,DOF3111,Spain,Yes,FB,4,1932,452,621,YES
GS101103,Matthew Lotus,1955-03-23,Female,North East,1999-08-06,DOF3111,Spain,Yes,FB,4,1554,618,580,YES
GS101134,Abuvaverage,1973-08-02,Male,North East,1998-08-27,DOF3111,Spain,Yes,FB,4,770,662,243,YES
GS101163,Stan Ogden,1960-11-20,Female,North East,1999-08-14,DOF3111,Spain,Yes,FB,4,1260,851,580,YES
GS101202,Cynthia Sitt,1967-11-15,Male,North West,1999-07-12,DOF3111,Spain,Yes,FB,4,469,731,132,NO
GS101205,Stan Ogden,1978-01-03,Male,North West,1999-06-13,DOF3111,Spain,Yes,FB,4,710,584,198,YES
GS101211,Fran Buie,1965-02-24,Male,East Anglia,1999-08-16,DOF3111,Spain,Yes,FB,4,1120,622,312,YES
GS101229,Gordon Wrinkly,1963-07-08,Female,North West,1999-07-28,DOF3111,Spain,Yes,FB,4,1050,575,312,YES
GS101230,Richard Accountant,1959-09-23,Female,North West,1999-07-22,DOF3111,Spain,Yes,FB,4,700,660,153,NO
GS101238,Percy Graham,1931-04-09,Female,Midlands,1999-07-16,DOF3111,Spain,Yes,FB,4,810,698,207,NO
GS101265,B. Empire,1940-01-31,Female,Midlands,1999-08-13,DOF3111,Spain,Yes,FB,4,952,879,338,YES
GS101271,Kate McIntosh,1949-04-30,Female,Northern Ireland,1999-09-06,DOF3111,Spain,Yes,FB,4,1743,395,,NO
GS101279,Dan Gleebles,1933-11-02,Male,South West,1998-07-22,CAF3111,Germany,No,FB,4,1617,148,540,YES
GS101279,Dan Gleebles,1933-11-02,Male,South West,1999-08-09,CAF3112,Germany,No,SC,2,581,819,120,YES
GS101279,Dan Gleebles,1933-11-02,Male,South West,2000-08-06,DOF3112,Germany,No,SC,2,820,996,198,YES
GS101281,Miss S. Snooty,1965-07-28,Female,South West,1998-07-16,CAF3111,Spain,Yes,FB,4,1218,1155,460,YES
GS101299,Joan Ranger,1969-01-01,Female,Midlands,1998-08-20,CAF3111,Spain,Yes,FB,4,476,789,108,NO
GS101301,Nigel Nevamove,1973-09-04,Male,Midlands,1998-07-25,CAF3111,Spain,Yes,FB,4,434,635,204,YES
GS101318,David Hooper,1971-10-23,Female,London & South East,1998-08-16,CAF3111,Spain,Yes,FB,4,1190,650,299,YES
GS101345,U. Mobile,1938-02-07,Male,South West,1999-08-29,CAF3111,Spain,Yes,FB,4,826,412,325,YES
GS101002,Joan Ranger,1953-07-14,Female,South West,1999-09-04,CAF3112,Spain,Yes,SC,2,546,867,138,NO
GS101011,Robert Exec,1951-09-02,Male,South West,1999-07-29,CAF3112,Germany,Yes,SC,2,930,406,234,YES
GS101023,Father Mediocre,1948-05-13,Male,North West,1999-07-26,CAF3112,Germany,Yes,SC,2,1659,585,380,YES
GS101033,Jill Banker,1967-08-25,Female,Midlands,1999-08-09,CAF3112,Germany,Yes,SC,2,581,651,120,YES
GS101035,Marysia Oldyup,1965-06-25,Male,Midlands,1999-08-24,CAF3112,Germany,Yes,SC,2,1365,856,760,YES
GS101039,Ken Pence,1965-02-01,Female,North East,1998-09-13,CAF3112,France,Yes,SC,2,539,504,132,YES
GS101047,S. Dullas-Ditchwater,1946-06-10,Male,South West,1998-08-06,CAF3112,France,Yes,SC,2,810,513,117,YES
GS101052,Miss S. Snooty,1958-06-27,Male,North West,1998-07-26,CAF3112,uk,Yes,SC,2,1344,928,540,YES
GS101059,Alex Wunderman,1968-11-24,Male,East Anglia,1998-09-08,CAF3112,Germany,Yes,SC,2,780,591,198,YES
GS101060,Gordon Wrinkly,1970-03-29,Female,East Anglia,1998-07-28,CAF3112,Germany,Yes,SC,2,455,995,108,YES
GS101063,Edith Brown,1973-11-23,Male,Midlands,1999-08-02,CAF3112,Germany,Yes,SC,2,660,586,162,YES
GS101069,Gordon Wrinkly,1967-11-20,Male,North East,1999-08-13,CAF3112,Germany,Yes,SC,2,,491,174,NO
GS101073,Jean Jacket,1951-06-10,Male,South West,1999-07-02,CAF3112,Germany,Yes,SC,2,567,429,138,YES
GS101075,Y. Upward,1953-11-23,Female,South West,1998-07-11,CAF3112,Germany,No,SC,2,581,906,156,YES
GS101075,Y. Upward,1953-11-23,Female,South West,1998-09-07,CAF3112,Spain,Yes,SC,2,2268,662,540,YES
GS101075,Y. Upward,1953-11-23,Female,South West,1999-12-23,CAF3112,Austria,Yes,SC,2,590,887,342,YES
GS101075,Y. Upward,1953-11-23,Female,South West,2000-08-28,CAF3112,Germany,Yes,SC,2,1106,616,143,YES
GS101075,Y. Upward,1953-11-23,Female,South West,2000-12-22,CAF3112,Austria,Yes,SC,2,590,676,342,YES
GS101076,James Robertson,1942-05-15,Female,South West,1998-07-23,CAF3112,uk,Yes,SC,2,1743,734,520,YES
GS101077,Fran Buie,1976-11-08,Male,South West,1998-07-02,CAF3112,germany,Yes,SC,2,1246,749,312,YES
GS101078,L. OMoney,1972-05-15,Female,London & South East,1998-08-14,CAF3112,France,Yes,SC,2,1106,225,403,YES
GS101082,Lux,1953-11-17,Male,North West,2000-08-22,CAF3112,Germany,Yes,SC,2,640,658,261,YES
GS101085,M. Highhorse,1939-06-14,Female,Scotland,2000-08-04,CAF3112,Germany,Yes,SC,2,1785,655,560,YES
GS101093,Agnes Watchall,1978-07-06,Male,Midlands,2000-08-17,CAF3112,Germany,Yes,SC,2,,623,,NO
GS101096,Robert Jones,1966-09-19,Male,Midlands,1998-07-06,CAF3112,Germany,Yes,SC,2,2079,933,500,YES
GS101097,Miss S. Snooty,1970-08-14,Male,Midlands,1998-09-07,CAF3112,Germany,Yes,SC,2,2268,710,540,YES
GS101102,R. Jaguar,1949-09-07,Male,North East,1998-07-11,CAF3112,Germany,Yes,SC,2,2240,339,810,YES
GS101109,R. Winge,1972-08-02,Female,South West,1998-08-06,CAF3112,France,Yes,SC,2,880,105,279,YES
GS101110,Spud,1977-02-23,Female,South West,1998-09-29,CAF3112,France,Yes,SC,2,590,716,342,YES
GS101112,Jean Jacket,1972-05-12,Male,London & South East,2000-09-11,CAF3112,France,Yes,SC,2,392,160,132,YES
GS101114,Nigel Nevamove,1974-11-18,Female,North West,1998-07-08,CAF3112,Uk,Yes,SC,2,553,711,150,YES
GS101115,Fran Buie,1953-03-04,Female,North West,1998-08-13,CAF3112,Uk,Yes,SC,2,730,669,207,YES
GS101117,Spud,1972-04-09,Female,North West,1998-08-10,CAF3112,GERMANY,Yes,SC,2,830,532,189,YES
GS101119,Joshua Bryn-Jones,1922-10-24,Male,North West,2000-07-26,CAF3112,Germany,Yes,SC,2,840,453,225,YES
GS101121,Cheryl Smith,1972-10-11,Female,East Anglia,1998-09-28,CAF3112,Germany,Yes,SC,2,1106,547,143,YES
GS101123,T. Voter,1959-11-15,Female,Wales,1998-08-16,DOF3112,Germany,Yes,SC,2,952,1187,208,YES
GS101125,Joshua Bryn-Jones,1947-04-07,Male,Wales,1998-08-18,DOF3112,France,Yes,SC,2,525,639,150,YES
GS101126,K.N. Owledgable,1966-11-07,Female,Midlands,1998-08-17,DOF3112,Spain,Yes,SC,2,670,788,207,YES
GS101128,W. Gummage,1923-01-06,Female,Midlands,2000-09-26,DOF3112,Spain,Yes,SC,2,574,405,186,YES
GS101135,Ian Bru,1972-10-16,Female,North East,1998-07-11,DOF3112,Spain,Yes,SC,2,820,823,225,NO
GS101146,Darren Sloth,1944-06-25,Male,North West,1998-08-20,DOF3112,Spain,Yes,SC,-999,840,466,286,YES
GS101148,O. Bagg,1957-05-20,Female,North West,1998-07-26,DOF3112,Spain,Yes,SC,2,644,1050,120,NO
GS101149,Joan Ranger,1977-04-24,Female,Scotland,1998-06-29,DOF3112,Spain,Yes,SC,2,1638,854,620,YES
GS101150,Robert Jones,1944-01-12,Male,Scotland,2000-08-22,DOF3112,Spain,Yes,SC,2,760,857,261,YES
GS101151,Ivor Squareye,1968-12-12,Female,East Anglia,1998-07-08,DOF3112,Spain,Yes,SC,2,490,321,174,YES
GS101157,Dan Gleebles,1930-08-02,Male,Midlands,1998-08-07,DOF3112,Spain,Yes,SC,2,511,610,138,NO
GS101160,Cheryl Smith,1967-05-06,Male,North East,1998-08-12,DOF3112,Spain,Yes,SC,2,670,503,189,YES
GS101164,David Hooper,1962-07-06,Male,North East,1998-07-26,DOF3112,Spain,Yes,SC,2,780,260,171,NO
GS101169,Percy Graham,1971-12-10,Female,South West,2000-08-06,DOF3112,France,Yes,SC,2,820,1204,198,YES
GS101174,Selena Outalot,1956-10-10,Female,North West,1998-08-10,DOF3112,Germany,Yes,SC,2,690,321,252,YES
GS101175,Content,1980-10-12,Female,North West,1998-07-29,DOF3112,France,Yes,SC,2,870,643,198,YES
GS101178,Nigel Nevamove,1979-10-20,Female,East Anglia,1998-08-06,DOF3112,France,Yes,SC,2,1064,271,234,YES
GS101179,Father Mediocre,1967-06-08,Female,Midlands,1998-08-02,DOF3112,Uk,Yes,SC,2,1036,781,312,YES
GS101181,Trevor Livathome,1924-11-18,Male,Midlands,2000-07-15,DOF3112,France,Yes,SC,2,750,843,288,YES
GS101182,Vince Pie,1972-06-14,Male,Midlands,1998-07-09,DOF3112,France,Yes,SC,2,420,563,126,YES
GS101184,Percy Graham,1948-07-29,Male,North East,1998-07-29,DOF3112,France,Yes,SC,2,780,299,252,YES
GS101186,B. Ilder,1974-05-02,Female,North East,1998-08-14,DOF3112,Uk,Yes,SC,2,1554,548,500,YES
GS101187,Walter Melon,1965-02-16,Male,North East,1998-08-05,DOF3112,uk,Yes,SC,2,930,410,234,YES
GS101189,Spoons,1942-10-28,Female,South West,2000-09-05,DOF3112,Germany,Yes,SC,2,1260,571,460,YES
GS101193,Wendy Pence,1930-04-26,Male,South West,2000-09-09,DOF3112,uk,Yes,SC,2,581,875,156,YES
GS101199,F. OFax,1977-02-02,Male,North West,1998-09-25,DOF3112,Germany,Yes,SC,2,1764,517,540,YES
GS101204,B. Gardiner,1948-10-23,Female,North West,1998-09-03,DOF3112,uk,Yes,SC,2,910,598,143,YES
GS101212,Spud,1969-04-01,Male,East Anglia,1998-08-15,DOF3112,Germany,Yes,SC,2,994,177,403,YES
GS101212,Spud,1969-04-01,Male,East Anglia,1999-09-03,CAF3112,Germany,No,SC,2,1386,750,460,YES
GS101212,Spud,1969-04-01,Male,East Anglia,2000-08-04,CAF3112,Germany,No,SC,2,511,296,132,YES
GS101212,Spud,1969-04-01,Male,East Anglia,2000-12-24,CAF3112,GERMANY,No,SC,2,1012,822,262,YES
GS101217,F. Oureyes,1970-10-28,Male,North East,1998-08-20,DOF3112,uk,Yes,SC,2,780,485,243,YES
GS101219,Dotty Cotton,1978-11-30,Female,North East,2000-07-16,DOF3112,Germany,Yes,SC,2,750,605,189,YES
GS101222,Y. Upward,1960-03-13,Male,South West,2000-08-06,DOF3112,uk,Yes,SC,2,1638,460,640,YES
GS101237,L. OMoney,1971-09-12,Female,Midlands,1998-07-14,CAF3112,Germany,Yes,SC,2,910,664,325,YES
GS101240,Y. Upward,1920-12-12,Female,North East,1998-08-27,CAF3112,Germany,Yes,SC,2,1162,431,338,YES
GS101244,Angie Duster,1965-05-09,Female,North East,1998-07-02,CAF3112,Germany,Yes,SC,2,660,505,225,YES
GS101245,M. Highhorse,1967-07-14,Male,South West,2000-09-03,CAF3112,Germany,Yes,SC,2,1386,591,460,YES
GS101246,Mary Liquid,1955-10-28,Female,South West,2000-08-17,CAF3112,Germany,Yes,SC,2,483,816,156,YES
GS101247,Vince Pie,1942-07-20,Female,South West,1998-07-29,CAF3112,Germany,Yes,SC,2,1449,455,360,YES
GS101250,Dotty Cotton,1969-08-17,Male,South West,1998-07-05,CAF3112,Germany,Yes,SC,2,1470,485,400,YES
GS101251,South-Coast,1930-09-08,Male,South West,1998-07-11,CAF3112,Germany,Yes,SC,2,1078,831,442,YES
GS101253,Agnes Watchall,1973-02-06,Female,London & South East,2000-09-04,CAF3112,Germany,Yes,SC,2,511,469,132,YES
GS101254,Father Mediocre,1976-03-12,Male,London & South East,2000-07-25,CAF3112,Germany,Yes,SC,2,1204,268,247,YES
GS101255,B. Hoskins,1957-05-23,Female,London & South East,1998-09-16,CAF3112,GERMANY,Yes,SC,2,840,553,198,YES
GS101257,B. Emw,1976-07-17,Female,North West,1998-09-26,CAF3112,Germany,Yes,SC,2,840,807,243,YES
GS101259,James Robertson,1962-06-10,Female,Scotland,1998-08-09,CAF3112,Germany,Yes,SC,2,924,611,403,YES
GS101261,Selena Outalot,1962-12-18,Male,East Anglia,2000-09-28,CAF3112,Germany,Yes,SC,2,952,464,208,YES
GS101264,Dotty Cotton,1969-07-09,Female,East Anglia,2000-07-22,CAF3112,Germany,Yes,SC,2,890,571,252,YES
GS101268,F. Chip,1931-08-20,Female,Midlands,1998-07-01,CAF3112,Germany,Yes,SC,2,385,755,162,YES
GS101275,Marysia Oldyup,1960-02-15,Male,North East,1998-08-08,CAF3112,Germany,Yes,SC,2,910,562,252,YES
GS101276,B. Manley-Walker,1950-11-27,Male,North East,1998-07-26,CAF3112,Germany,Yes,SC,2,1638,529,580,YES
GS101277,Joshua Bryn-Jones,1938-01-29,Male,North East,2000-08-04,CAF3112,Germany,Yes,SC,2,1078,669,377,YES
GS101280,F. OFax,1979-02-12,Female,South West,2000-07-24,CAF3112,Germany,Yes,SC,-999,690,492,261,YES
GS101283,Joshua Bryn-Jones,1976-01-04,Male,London & South East,1998-07-12,CAF3112,Germany,Yes,SC,2,1344,1159,600,YES
GS101284,Dan Gleebles,1967-01-01,Female,London & South East,1998-09-18,CAF3112,Germany,Yes,SC,2,750,704,234,YES
GS101285,Alex Wunderman,1962-10-04,Female,North West,1998-07-02,CAF3112,Germany,Yes,SC,2,1008,327,377,YES
GS101289,Agnes Watchall,1938-03-19,Female,North West,2000-07-18,CAF3112,Germany,Yes,SC,2,770,185,221,YES
GS101290,David Hooper,1967-12-11,Male,North West,2000-08-04,CAF3112,Germany,Yes,SC,2,1344,353,380,YES
GS101291,Benny Crossroads,1927-07-07,Male,Scotland,1998-06-06,CAF3112,Germany,Yes,SC,2,1869,541,,NO
GS101295,Wendy Pence,1966-03-02,Female,East Anglia,1999-08-13,CAF3112,Germany,Yes,SC,2,896,1071,234,YES
GS101297,C. Potatoe,1933-09-23, ,Wales,1999-08-24,CAF3112,Germany,Yes,SC,2,525,423,174,YES
GS101298,Stan Ogden,1933-09-21,Male,Midlands,1999-08-08,CAF3112,Germany,Yes,SC,2,518,598,102,YES
GS101305,Ken Pence,1951-01-09,Female,Midlands,1998-10-18,CAF3112,Germany,Yes,SC,2,261,855,56,YES
GS101307,Sally White,1954-08-27,Female,Northern Ireland,1998-08-10,CAF3112,Germany,Yes,SC,2,1106,610,299,YES
GS101308,Nigel Nevamove,1962-02-20,Female,Northern Ireland,1998-10-16,CAF3112,Germany,Yes,SC,2,532,776,108,YES
GS101314,T. Voter,1961-05-12,Female,South West,1998-09-21,CAF3112,Germany,Yes,SC,2,243,295,24,NO
GS101317,B. Empire,1960-01-21, ,London & South East,1999-10-29,CAF3112,Germany,Yes,SC,2,1050,332,312,YES
GS101319,O.K. Yarh,1945-02-28,Female,London & South East,1998-09-09,CAF3112,Germany,Yes,SC,2,609,295,192,YES
GS101327,Marysia Oldyup,1947-08-18,Female,North West,1998-08-08,CAF3112,Germany,Yes,SC,2,994,423,390,YES
GS101329,G. Boycott,1979-10-15,Female,North West,1998-08-23,CAF3112,Germany,Yes,SC,2,1008,542,247,YES
GS101330,Jean Jacket,1937-11-07,Female,Scotland,1998-09-03,CAF3112,Germany,Yes,SC,2,1246,279,,NO
GS101334,Robert Exec,1977-10-03,Male,Midlands,1998-08-04,CAF3112,Germany,No,SC,2,1106,449,390,YES
GS101334,Robert Exec,1977-10-03,Male,Midlands,1999-09-01,CAF3112,Spain,Yes,SC,2,518,433,102,NO
GS101334,Robert Exec,1977-10-03,Male,Midlands,2000-08-15,XJR3112,Italy,Yes,SC,2,966,392,221,NO
GS101335,Ivor Squareye,1942-09-22,Male,Midlands,1999-10-05,CAF3112,Germany,Yes,SC,2,1036,744,403,YES
GS101337,Sue Lowry,1956-01-09,Female,Northern Ireland,1999-09-05,CAF3112,Germany,Yes,SC,2,225,281,62,YES
GS101343,G. Ranny,1964-08-20,Female,North East,1999-08-22,CAF3112,Germany,Yes,SC,2,882,416,182,YES
GS101346,Robert Jones,1943-06-08,Male,South West,1999-07-05,CAF3112,Germany,Yes,SC,2,385,750,174,YES
GS101347,Trevor Livathome,1957-10-16,Female,South West,1999-08-27,XJR3112,Germany,Yes,SC,2,609,533,102,YES
GS101352,Ivor Squareye,1960-07-31,Female,South West,1999-09-20,XJR3112,Germany,Yes,SC,2,770,471,198,YES
GS101354,Lux,1951-03-17,Male,London & South East,1999-08-06,XJR3112,france,Yes,SC,2,441,430,168,YES
GS101356,Jill Banker,1936-10-18,Female,London & South East,1998-07-14,XJR3112,Spain,Yes,SC,2,530,591,180,YES
GS101359,Mandy Stevens,1971-05-04,Male,North West,1998-08-05,XJR3112,Spain,Yes,SC,2,553,359,186,YES
GS101364,T. Voter,1931-08-11,Female,North West,1998-09-25,XJR3112,Spain,Yes,SC,2,511,544,132,NO
GS101375,Spoons,1932-09-19,Female,Midlands,1999-09-02,XJR3112,SPAIN,Yes,SC,2,511,279,120,NO
GS101378,Russel Sprout,1923-05-07,Female,Midlands,1999-07-08,XJR3112,Spain,Yes,SC,2,850,404,207,YES
GS101379,O.K. Yarh,1952-09-07,Female,North East,1998-08-15,XJR3112,SPAIN,Yes,SC,2,966,309,221,YES
GS101379,O.K. Yarh,1952-09-07,Female,North East,1999-09-28,XJR3113,Spain,Yes,FB,10,1281,522,640,YES
GS101379,O.K. Yarh,1952-09-07,Female,North East,2002-09-27,CAF3112,SPAIN,Yes,FB,10,680,281,243,YES
GS101006,Mandy Stevens,1948-05-20, ,North East,1999-08-22,XJR3113,France,Yes,FB,10,720,224,297,YES
GS101007,Ivor Squareye,1962-09-25,Male,North East,1999-09-16,XJR3113,SPAIN,Yes,FB,10,609,720,132,NO
GS101014,B. Ilder,1910-04-28,Male,South West,1999-09-03,XJR3113,Spain,Yes,FB,10,1078,331,442,YES
GS101025,Roberta Exec,1980-10-14,Female,Scotland,1999-08-18,XJR3113,Spain,Yes,FB,10,896,737,221,NO
GS101032,O.K. Yarh,1934-05-09,Female,Midlands,1999-09-28,XJR3113,Spain,Yes,FB,10,511,775,132,NO
GS101034,Mary Liquid,1968-07-10,Female,Midlands,1999-09-28,XJR3113,France,Yes,FB,10,1281,696,640,YES
GS101038,R. Winge,1937-10-17,Male,North East,1999-07-18,XJR3113,Spain,Yes,FB,10,560,370,144,YES
GS101056,Edith Brown,1926-05-19,Female,North West,1999-07-03,XJR3113,France,Yes,FB,10,966,700,364,YES
GS101061,Matthew Lotus,1934-04-15,Male,Wales,1999-09-08,XJR3113,Germany,Yes,FB,10,690,418,270,YES
GS101071,Tracey Walker,1968-01-05,Male,North East,1998-08-22,XJR3113,Germany,Yes,FB,10,511,356,114,YES
GS101092,B. Gardiner,1952-05-13,Male,Wales,1998-09-22,XJR3113,Germany,Yes,FB,10,490,722,174,YES
GS101099,Herbert Bramwell,1964-02-07,Male,Northern Ireland,1998-08-16,XJR3113,Germany,Yes,FB,10,413,596,186,YES
GS101104,Darren Sloth,1976-01-10,Female,North East,1998-09-19,XJR3113,Germany,Yes,FB,10,1680,403,648,YES
GS101113,S. Pudd,1973-05-30,Female,London & South East,2000-09-14,XJR3113,Germany,Yes,FB,10,581,300,66,YES
GS101127,O. Bagg,1942-04-06,Male,Midlands,1998-09-27,XJR3113,Germany,Yes,FB,10,680,868,243,YES
GS101137,G. Boycott,1950-06-17,Female,North East,2000-09-02,XJR3113,Germany,Yes,FB,10,770,1106,180,YES
GS101145,Kathy Beale,1963-09-10,Male,North West,1998-07-15,XJR3113,Spain,Yes,FB,10,1078,457,234,NO
GS101176,Spoons,1943-03-05,Female,Scotland,1998-09-28,XJR3113,Spain,Yes,FB,10,994,391,351,YES
GS101185,C. Potatoe,1937-10-24,Male,North East,1998-09-07,XJR3113,Spain,Yes,FB,10,620,219,189,YES
GS101200,Dotty Cotton,1969-10-11,Male,North West,1998-09-08,XJR3113,Spain,Yes,FB,10,1428,536,540,YES
GS101216,Philip Steak,1950-02-14,Male,Midlands,2000-07-04,XJR3113,SPAIN,Yes,FB,10,1659,565,640,YES
GS101228,Y. Upward,1948-04-22,Female,North West,1998-08-17,XJR3113,SPAIN,Yes,FB,10,742,374,390,YES
GS101234,McTeevee,1959-08-18,Female,East Anglia,1998-09-19,XJR3113,France,Yes,FB,10,490,522,168,YES
GS101234,McTeevee,1959-08-18,Female,East Anglia,1999-08-18,XJR3113,Spain,Yes,FB,10,1176,656,312,YES
GS101234,McTeevee,1959-08-18,Female,East Anglia,2000-07-12,XJR3113,Italy,Yes,FB,10,1176,229,319,YES
GS101258,Julian Bond,1973-03-17,Female,Scotland,1998-08-06,XJR3113,Spain,Yes,FB,10,896,1720,273,NO
GS101258,Julian Bond,1973-03-17,Female,Scotland,1999-08-19,XJR3114,Italy,Yes,FB,5,1533,499,480,YES
GS101274,F. Chip,1954-02-04,Female,North East,2000-08-19,XJR3113,Germany,Yes,FB,10,567,486,126,YES
GS101288,Matthew Lotus,1966-10-02,Male,North West,2000-07-29,XJR3113,Germany,Yes,FB,10,483,656,162,YES
CZ101322,Benny Crossroads,1964-11-22,Female,London & South East,2000-07-01,XJR3113,Germany,Yes,FB,10,595,579,156,YES
GS101326,Ivor Squareye,1970-11-24,Female,North West,2000-08-18,XJR3113,Germany,Yes,FB,10,1176,470,312,YES
GS101355,Stan Ogden,1969-08-27,Female,London & South East,2000-08-10,XJR3113,Germany,Yes,FB,10,686,661,138,YES
GS101010,Jill Banker,1926-07-02,Female,North East,2000-07-05,XJR3114,Spain,Yes,FB,5,924,163,117,NO
GS101012,F. Chip,1962-04-19,Female,South West,1998-08-19,XJR3114,Spain,Yes,FB,5,1533,708,480,YES
GS101012,F. Chip,1962-04-19,Female,South West,1999-07-15,XJR3114,France,Yes,FB,5,1500,355,400,YES
GS101012,F. Chip,1962-04-19,Female,South West,1999-12-19,XJR3114,France,Yes,FB,5,1621,919,375,YES
GS101012,F. Chip,1962-04-19,Female,South West,2000-07-12,XJR3114,Spain,Yes,FB,5,1500,350,543,YES
GS101019,T. Brown,1979-09-09,Male,North West,2000-08-28,XJR3114,Spain,Yes,FB,5,710,248,216,YES
GS101022,Walter Melon,1972-07-21,Male,North West,2000-09-09,XJR3114,spain,Yes,FB,5,1470,286,500,YES
GS101027,Trevor Livathome,1978-04-05,Female,Scotland,1998-08-20,XJR3114,spain,Yes,FB,5,910,923,243,NO
GS101030,Lux,1961-07-24,Female,Wales,1998-10-05,XJR3114,spain,Yes,FB,5,660,583,126,NO
GS101044,Content,1933-03-05,Male,South West,1998-09-13,XJR3114,France,Yes,FB,5,910,883,260,YES
GS101045,Gordon Wrinkly,1951-12-20,Male,South West,2000-08-17,XJR3114,france,Yes,FB,5,427,370,138,YES
GS101051,Trevor Livathome,1975-11-18,Male,London & South East,2000-06-20,XJR3114,France,Yes,FB,5,812,596,338,YES
GS101054,Russel Sprout,1970-05-22,Male,North West,2000-08-09,XJR3114,France,Yes,FB,5,560,458,261,YES
GS101055,South-Coast,1956-12-15,Male,North West,2000-09-28,XJR3114,Spain,Yes,FB,5,1407,328,360,YES
GS101067,Agnes Trasler,1938-12-25,Female,Northern Ireland,2000-07-25,XJR3114,Spain,Yes,FB,5,553,345,144,YES
GS101074,L. OMoney,1971-12-07,Female,South West,2000-07-11,XJR3114,Spain,Yes,FB,5,595,696,84,NO
GS101087,Miss S. Snooty,1931-05-04,Female,Scotland,1998-07-07,XJR3114,Spain,Yes,FB,5,1036,895,338,YES
GS101087,Miss S. Snooty,1931-05-04,Female,Scotland,2000-07-15,XJR3114,Italy,Yes,FB,5,1500,559,400,YES
GS101106,Edith Brown,1975-11-26,Female,North East,1998-09-15,XJR3114,Spain,Yes,FB,5,1659,762,460,YES
GS101107,Ivan Axtagrinde,1930-02-02,Female,South West,1997-07-03,XJR3114,Spain,Yes,FB,5,896,842,338,YES
GS101118,Tracey Walker,1926-03-02,Male,North West,1999-08-15,XJR3114,France,Yes,FB,5,1120,737,403,YES
GS101122,Kathy Beale,1944-08-02,Female,Wales,1999-08-16,XJR3114,Spain,Yes,FB,5,574,605,150,NO
GS101129,Blodwin Sheepdip,1933-02-21,Male,Midlands,1999-08-10,XJR3114,Spain,Yes,FB,5,1554,720,500,YES
GS101140,Russel Sprout,1975-10-04,Female,South West,1998-09-20,XJR3114,Spain,Yes,FB,5,1470,427,580,YES
GS101153,Darren Sloth,1971-04-27,Male,Wales,1998-07-20,XJR3114,Spain,Yes,FB,5,1064,336,312,YES
GS101153,Darren Sloth,1971-04-27,Male,Wales,2000-07-11,XJR3114,Italy,Yes,FB,5,595,964,84,NO
GS101154,Angie Duster,1980-12-15,Female,Midlands,1998-07-07,XJR3114,Spain,Yes,FB,5,1890,552,480,YES
GS101158,Joe Penn,1978-04-04,Male,Northern Ireland,1998-08-15,XJR3114,Italy,Yes,FB,5,574,964,186,NO
GS101161,T. Voter,1977-05-26,Male,North East,1998-08-02,XJR3114,Italy,Yes,FB,5,518,240,174,YES
GS101161,T. Voter,1977-05-26,Male,North East,2000-08-28,XJR3114,Spain,Yes,FB,5,710,332,216,YES
GS101165,O. Bagg,1936-08-16,Female,North East,1998-07-24,XJR3114,Italy,Yes,FB,5,1190,343,377,YES
GS101168,Marysia Oldyup,1967-06-21,Female,South West,1998-08-26,XJR3114,Italy,Yes,FB,5,1036,398,221,NO
GS101192,T. Brown,1929-11-14,Female,South West,1998-09-14,XJR3114,Italy,Yes,FB,5,504,611,78,NO
GS101196,Angie Duster,1973-11-25,Male,London & South East,1998-07-26,XJR3114,Italy,Yes,FB,5,1190,718,299,NO
GS101201,Wendy Pence,1977-01-04,Female,North West,1998-08-29,XJR3114,Italy,Yes,FB,5,1575,463,340,NO
GS101203,C. Potatoe,1944-06-28,Female,North West,1998-07-18,XJR3114,Italy,Yes,FB,5,427,686,162,YES
GS101210,Victor Boring,1973-06-13,Female,East Anglia,1999-07-05,XJR3114,Italy,Yes,FB,5,1064,758,195,NO
GS101220,Angus Miser,1957-10-18,Male,North East,1999-07-05,XJR3114,Italy,Yes,FB,5,1323,602,640,YES
GS101220,Angus Miser,1957-10-18,Male,North East,2000-10-05,XJR3114,spain,Yes,FB,5,660,461,126,NO
GS101225,G. Ranny,1964-09-02,Male,London & South East,1998-09-28,XJR3114,ITALY,Yes,FB,5,1764,540,440,YES
GS101226,Robert Jones,1972-08-15,Male,London & South East,1998-08-27,XJR3114,ITALY,Yes,FB,5,1246,439,351,YES
GS101227,F. Oureyes,1969-10-21,Male,North West,1998-09-24,XJR3114,Italy,Yes,FB,5,553,293,138,YES
GS101235,R. Jaguar,1945-06-28,Female,East Anglia,1999-07-26,XJR3114,Italy,Yes,FB,5,1701,378,380,YES
GS101241,Victor Boring,1978-05-13,Female,North East,1999-07-11,XJR3114,Italy,Yes,FB,5,1827,383,500,YES
GS101242,Fran Buie,1928-02-09,Female,North East,1999-08-08,XJR3114,Italy,Yes,FB,5,868,718,260,YES
GS101252,Matthew Lotus,1949-08-04,Male,South West,1999-07-26,XJR3114,Italy,Yes,FB,5,1743,937,440,YES
GS101267,Y. Upward,1967-07-15,Female,Midlands,1999-08-22,XJR3114,Italy,Yes,FB,5,952,212,403,YES
GS101270,Y. Upward,1934-09-26,Male,Midlands,1999-08-19,XJR3114,Italy,Yes,FB,5,1806,771,620,YES
GS101282,R. Beef,1972-02-17,Female,South West,1999-08-08,XJR3114,Italy,Yes,FB,5,750,637,288,YES
GS101293,T. Brown,1977-03-17,Male,East Anglia,1999-09-04,XJR3114,ITALY,Yes,FB,5,525,840,114,NO
GS101304,T. Brown,1969-08-19,Female,Midlands,1999-08-20,XJR3114,Italy,Yes,FB,5,742,297,390,YES
GS101323,Y. Upward,1966-06-18,Female,London & South East,1998-07-05,XJR3114,Italy,Yes,FB,5,574,333,144,YES
GS101325,F. Chip,1975-07-15,Male,North West,1998-06-25,XJR3114,Italy,Yes,FB,5,243,176,62,YES
GS101328,McTeevee,1966-04-12,Male,North West,1998-07-18,XJR3114,Italy,Yes,FB,5,490,1037,138,NO
GS101339,B. Emw,1933-10-06,Male,North East,2000-07-26,XJR3114,ITALY,Yes,FB,5,1050,414,247,YES
GS101340,Russel Sprout,1953-04-02,Female,North East,2000-07-26,XJR3114,Italy,Yes,FB,5,378,271,192,YES
GS101348,Philip Steak,1937-11-06,Female,South West,2000-08-04,XJR3114,Italy,Yes,FB,5,567,727,162,NO
GS101350,F. Oureyes,1974-10-28,Male,South West,2000-09-07,XJR3114,Italy,Yes,FB,5,651,891,162,NO
GS101357,James Robertson,1969-12-01,Male,North West,2000-09-17,XJR3114,Italy,Yes,FB,5,504,305,168,YES
GS101366,K.N. Owledgable,1918-02-03,Male,North West,2000-08-05,XJR3114,ITALY,Yes,FB,5,720,606,189,NO
GS101373,Walter Melon,1965-03-10,Female,Wales,2000-09-08,XJR3114,Italy,Yes,FB,5,994,357,325,YES
GS101009,K.N. Owledgable,1966-08-14,Male,North East,2000-08-31,XJR3115,ITALY,Yes,FB,1,1659,163,300,NO
GS101036,Martin Young,1970-09-09,Male,Northern Ireland,2000-07-27,XJR3115,ITALY,Yes,FB,1,1204,562,286,NO
GS101062,Ethel Oldideas,1966-07-13,Female,Wales,2000-07-06,XJR3115,ITALY,Yes,FB,1,560,192,138,YES
GS101064,Benny Crossroads,1977-08-07,Female,Midlands,1998-06-05,XJR3115,ITALY,Yes,FB,1,1386,445,500,YES
GS101065,F. OFax,1936-11-09,Male,Midlands,1998-08-01,XJR3115,ITALY,Yes,FB,1,820,548,243,YES
GS101111,Ethel Oldideas,1938-07-28,Female,London & South East,1998-07-05,XJR3115,ITALY,Yes,FB,1,490,516,144,YES
GS101142,Richard Accountant,1937-04-28,Female,South West,1998-12-07,XJR3115,Italy,Yes,FB,1,760,421,315,YES
GS101170,Victor Boring,1968-12-01,Female,South West,1998-09-24,XJR3115,ITALY,Yes,FB,1,1162,573,260,NO
GS101183,Susan Cinema,1930-08-23,Male,Midlands,1998-08-01,XJR3115,ITALY,Yes,FB,1,,651,325,NO
GS101190,Vera Culture,1963-02-22,Male,South West,1998-09-22,PFD3115,ITALY,Yes,FB,-999,1232,768,377,YES
GS101206,S. Pudd,1978-10-06,Female,Scotland,1998-09-19,PFD3115,ITALY,Yes,FB,1,940,657,297,YES
GS101214,Richard Accountant,1962-03-14,Female,Wales,1998-08-26,PFD3115,ITALY,Yes,FB,1,680,788,198,NO
GS101233,Abuvaverage,1930-11-04,Male,East Anglia,1998-09-02,PFD3115,Italy,Yes,FB,1,1106,550,481,YES
GS101256,Joan Ranger,1970-04-09,Male,London & South East,2000-08-12,PFD3115,Italy,Yes,FB,1,882,498,312,YES
GS101313,McTeevee,1974-04-19,Female,South West,2000-09-09,PFD3115,Italy,Yes,FB,1,413,441,132,YES
GS101320,Robert Exec,1962-06-17,Female,London & South East,2000-08-04,PFD3115,Italy,Yes,FB,1,1246,598,429,YES
GS101368,Angie Duster,1944-04-03,Female,Scotland,1998-08-02,PFD3115,Italy,Yes,FB,1,1008,961,286,NO
GS101377,Selena Outalot,1933-09-22, ,Midlands,1998-12-15,PFD3115,Italy,Yes,FB,1,1246,523,299,YES
GS101016,Julian Bond,1952-06-25,Male,London & South East,1998-12-06,PFD3116,Italy,No,FB,2,1470,572,640,YES
GS101028,Y. Upward,1965-09-09,Male,Scotland,1998-07-05,PFD3116,Italy,No,FB,2,581,758,114,NO
GS101050,Edith Brown,1943-09-12,Male,London & South East,1998-09-07,PFD3116,Italy,No,FB,2,581,663,168,NO
GS101053,Ken Pence,1937-12-05,Female,North West,1998-07-13,PFD3116,Italy,No,FB,2,1428,710,620,YES
GS101077,Fran Buie,1976-11-08,Male,South West,1998-07-01,PFD3116,Italy,No,FB,2,760,743,189,NO
GS101077,Fran Buie,1976-11-08,Male,South West,2000-09-25,PFD3116,Italy,No,FB,2,1064,607,312,YES
GS101080,Susan Cinema,1967-10-16,Male,North West,2000-08-16,PFD3116,Italy,No,FB,2,1932,667,300,NO
GS101090,B. Manley-Walker,1971-04-01,Male,Wales,1998-08-08,PFD3116,Italy,No,FB,2,532,373,132,NO
GS101091,Angus Miser,1929-11-06,Female,Wales,1998-09-17,PFD3116,Italy,No,FB,2,1239,893,520,YES
GS101098,Mandy Stevens,1968-11-02,Male,Midlands,1998-09-13,PFD3116,Italy,No,FB,2,2408,783,918,YES
GS101101,Philip Steak,1967-12-15,Male,Northern Ireland,1998-08-16,PFD3116,Italy,No,FB,2,560,1139,96,NO
GS101108,Nigel Nevamove,1948-09-17,Female,South West,1999-07-26,PFD3116,Italy,No,FB,2,476,521,132,NO
GS101130,Ivan Axtagrinde,1977-05-22,Female,Midlands,1999-08-26,PFD3116,Italy,No,FB,2,455,286,138,YES
GS101133,Sarim Khan,1960-04-23,Male,Northern Ireland,1999-08-13,PFD3116,Italy,No,FB,2,850,541,171,NO
GS101139,Mandy Stevens,1966-11-24,Female,South West,1999-07-22,PFD3116,Italy,No,FB,2,1022,328,351,YES
GS101143,M. Highhorse,1951-02-21,Male,London & South East,1998-07-13,PFD3116,Italy,No,FB,2,2058,1396,460,NO
GS101155,U. Mobile,1960-01-09,Male,Midlands,1998-09-17,PFD3116,Italy,No,FB,2,560,808,150,NO
GS101156,S. Pudd,1979-02-10,Female,Midlands,1998-12-04,PFD3116,Italy,No,FB,2,580,1211,243,YES
GS101159,Gladys Pugh,1976-11-02,Female,Northern Ireland,1998-08-16,PFD3116,Italy,No,FB,2,680,726,207,YES
GS101171,Cynthia Sitt,1955-10-11,Female,South West,1998-07-01,PFD3116,Italy,No,FB,2,1827,553,420,YES
GS101195,O. Bagg,1950-09-24,Female,London & South East,1999-07-17,PFD3116,Italy,No,FB,2,720,892,234,YES
GS101207,Ivan Axtagrinde,1947-10-03,Male,Scotland,1999-08-03,PFD3116,Italy,No,FB,2,434,737,174,YES
GS101208,Susan Cinema,1968-10-29,Male,East Anglia,1999-07-29,PFD3116,Italy,No,FB,2,1617,657,500,YES
GS101213,South-Coast,1929-08-19,Female,Wales,1999-08-25,PFD3116,Italy,No,FB,2,1680,410,460,YES
GS101215,Alex Wunderman,1953-06-15,Female,Midlands,1998-08-17,PFD3116,Italy,No,FB,2,938,763,338,YES
GS101223,B. Gardiner,1977-01-24,Female,London & South East,1998-09-11,PFD3116,Italy,No,FB,2,820,750,234,YES
GS101273,Content,1967-12-03,Male,North East,1998-07-01,PFD3116,Italy,No,FB,2,560,819,,NO
GS101294,Ken Pence,1947-09-02,Male,East Anglia,1998-09-13,PFD3116,Italy,No,FB,2,1113,671,480,YES
GS101302,B. Emw,1969-06-06,Female,Midlands,1999-07-23,PFD3116,Italy,No,FB,2,854,339,312,YES
GS101306,Bill Smith,1930-07-03,Male,Northern Ireland,1999-09-29,PFD3116,Italy,No,FB,2,1008,407,273,YES
GS101309,Susan Cinema,1941-10-26,Female,North East,1999-08-08,PFD3116,Italy,No,FB,2,868,505,299,YES
GS101311,South-Coast,1950-10-15,Female,North East,1999-07-12,PFD3116,Italy,No,FB,2,413,682,120,NO
GS101332,R. Winge,1960-09-07,Female,East Anglia,1999-09-17,PFD3116,Italy,No,FB,2,,873,56,NO
GS101338,Fiona Gilmour,1944-08-04,Female,Northern Ireland,1999-08-06,PFD3116,Italy,No,FB,2,1050,937,260,NO
GS101341,McTeevee,1948-05-13,Female,North East,1999-07-05,PFD3116,Italy,No,FB,2,1120,820,325,YES
GS101342,Father Mediocre,1929-08-20,Male,North East,2000-08-23,PFD3116,Italy,No,FB,2,1204,718,364,YES
GS101358,Philip Steak,1976-02-26,Male,North West,2000-07-07,PFD3116,Italy,No,FB,2,1092,805,377,YES
GS101362,Abuvaverage,1954-05-19,Female,North West,2000-07-04,PFD3116,Italy,No,FB,2,730,877,180,NO
GS101369,L. OMoney,1971-05-22,Female,Scotland,2000-09-28,PFD3116,Italy,No,FB,2,198,501,44,NO
GS101372,Russel Sprout,1949-05-29,Female,East Anglia,1998-07-07,PFD3116,Italy,No,FB,2,392,480,210,YES
GS101070,Richard Accountant,1957-04-02,Female,North East,1998-07-11,PFD3109,Italy,Yes,HB,6,945,1181,380,YES
GS101100,Kathy Beard,1963-03-14,Female,Northern Ireland,1998-09-29,PFD3109,Italy,Yes,HB,6,826,556,247,YES
GS101120,Vince Pie,1957-11-09,Female,Scotland,1998-12-29,PFD3109,Italy,Yes,HB,6,1722,476,460,YES
GS101141,Ian Bru,1959-05-16,Male,South West,2000-09-29,PFD3109,Italy,Yes,HB,6,567,925,180,NO
GS101224,K.N. Owledgable,1963-03-15,Female,London & South East,2000-08-14,PFD3109,Italy,Yes,HB,6,448,1086,144,NO
GS101239,Victor Boring,1970-11-01,Male,Midlands,2000-07-23,PFD3109,Italy,Yes,HB,6,720,1437,225,NO
GS101286,R. Winge,1964-05-28,Female,North West,2000-09-28,PFD3109,Italy,Yes,HB,6,670,327,,NO
GS101287,Percy Graham,1942-03-18,Male,North West,2000-09-16,PFD3109,Italy,Yes,HB,6,882,1138,364,YES
GS101303,R. Winge,1970-10-21,Male,Midlands,1998-08-09,PFD3109,Italy,Yes,HB,-999,740,575,216,YES
GS101013,Cheryl Smith,1959-01-29,Female,South West,1998-09-20,PFD3118,Greece,No,HB,2,994,531,325,YES
GS101013,Cheryl Smith,1959-01-29,Female,South West,1999-07-23,PFD3116,Italy,No,FB,2,854,317,312,YES
GS101015,Tracey Walker,1966-10-21,Female,London & South East,1998-08-15,PFD3118,Greece,No,HB,2,1491,472,640,YES
GS101017,Blodwin Sheepdip,1956-10-10,Female,London & South East,2000-07-06,PFD3118,Greece,No,HB,2,497,667,108,YES
GS101018,Jack Potato,1937-05-05,Male,North West,2000-07-01,PFD3118,Greece,No,HB,2,1302,790,660,YES
GS101024,G. Ranny,1959-05-13,Female,North West,1998-07-01,PFD3118,Greece,No,HB,2,1092,660,273,YES
GS101037,Jackie Potato,1962-09-18,Male,North East,1998-09-11,PFD3118,Greece,No,HB,2,1617,650,440,YES
GS101072,Agnes Watchall,1958-02-21,Female,North East,2000-07-23,PFD3118,Greece,No,HB,2,476,785,156,YES
GS101116,R. Jaguar,1974-10-11,Female,North West,2000-09-02,PFD3118,Greece,No,HB,2,525,621,156,YES
CZ101144,Vince Pie,1954-05-19,Female,North West,1998-09-04,PFD3118,Greece,No,HB,2,532,658,150,YES
GS101147,Angus Miser,1975-06-09,Female,North West,1998-08-02,PFD3118,Greece,No,HB,2,1148,1225,273,YES
GS101162,B. Empire,1950-07-12,Female,North East,1998-08-19,PFD3118,Greece,No,HB,2,850,372,207,YES
GS101191,Selena Outalot,1959-07-01,Female,South West,1998-07-18,PFD3118,Greece,No,HB,2,1743,315,440,YES
GS101194,G. Boycott,1932-03-13,Female,London & South East,2000-07-29,PFD3118,Greece,No,HB,2,1659,300,500,YES
GS101272,George Higginbotham,1938-08-26,Male,Northern Ireland,2000-07-06,PFD3118,Greece,No,HB,2,1064,603,338,YES
GS101300,James Robertson,1943-04-25,Female,Midlands,1998-09-29,PFD3118,Greece,No,HB,2,504,908,132,YES
GS101312,Abuvaverage,1953-11-05,Female,South West,1998-07-18,CAF3118,Greece,No,HB,2,567,400,126,YES
GS101316,Walter Melon,1952-05-15,Female,London & South East,1998-12-29,CAF3118,Greece,No,HB,2,448,484,186,YES
GS101331,Jackie Potato,1971-03-22,Female,East Anglia,2000-09-11,CAF3118,Greece,No,HB,2,219,154,48,YES
GS101344,Benny Crossroads,1964-06-08,Male,South West,2000-09-05,CAF3118,Greece,No,HB,2,1064,697,234,YES
GS101360,Victor Boring,1960-01-14,Male,North West,1998-08-07,CAF3118,Greece,No,HB,2,670,717,225,YES
GS101046,R. Jaguar,1977-03-02,Male,South West,1998-09-27,CAF3110,Greece,No,SC,4,2100,579,580,YES
GS101058,F. OFax,1965-08-09,Male,Scotland,2000-08-14,CAF3110,Greece,No,SC,4,700,666,225,YES
GS101131,Content,1964-05-14,Female,Midlands,2000-09-20,CAF3110,Greece,No,SC,4,1302,510,600,YES
GS101136,Spud,1957-06-03,Male,North East,1999-08-26,CAF3110,Greece,No,SC,4,546,310,150,YES
GS101177,Dan Gleebles,1956-06-15,Female,Scotland,1999-07-26,CAF3110,Greece,No,SC,4,720,585,171,YES
GS101197,W. Gummage,1929-09-14,Male,London & South East,1998-09-19,CAF3110,Greece,No,SC,4,770,314,270,YES
GS101197,W. Gummage,1929-09-14,Male,London & South East,2000-08-22,CAF3109,Italy,Yes,FB,5,497,505,168,YES
GS101269,F. Oureyes,1976-11-22,Male,Midlands,1999-09-24,CAF3110,Greece,No,SC,4,1533,1036,420,YES
GS101361,R. Beef,1960-08-17,Male,North West,1999-08-10,CAF3110,Greece,No,SC,4,258,963,52,YES
GS101363,S. Dullas-Ditchwater,1958-04-26,Male,North West,1999-07-04,CAF3110,Greece,No,SC,4,595,949,150,YES
GS101029,B. Ilder,1940-11-18,Male,Wales,1999-12-06,CAF3109,Greece,Yes,FB,5,1470,745,300,YES
GS101105,Lux,1978-06-26,Male,North East,1999-09-07,CAF3109,Greece,Yes,FB,5,1218,698,416,YES
GS101324,Ivan Axtagrinde,1943-11-03,Female,North West,1999-08-22,CAF3109,Greece,Yes,FB,5,497,444,168,YES
GS101367,B. Hoskins,1955-09-18, ,North West,2000-07-01,CAF3109,Greece,Yes,FB,5,504,665,144,YES
GS101370,Philip Steak,1977-10-26,Male,East Anglia,2000-08-16,CAF3109,Greece,Yes,FB,5,1190,429,364,YES
GS101374,Julian Bond,1965-09-28,Male,Midlands,2000-07-22,CAF3109,Greece,Yes,FB,5,364,230,174,YES
